-- +goose Up
INSERT INTO interview_blueprints (
  id, track_id, slug, title, description, level, runtime_mode, total_duration_seconds, intro_text, closing_text, is_active
)
VALUES
  (
    stable_uuid('mock-blueprint:google_l4_general'),
    '8a1ed8ad-dde7-4d91-b73c-c7b96fda1111',
    'google_l4_general',
    'Google L4 SWE',
    'Generalist onsite loop with one algorithmic round, one practical coding round, system design, and structured behavioral follow-ups.',
    'mid',
    'ai_first_human_ready',
    9600,
    'Google-style loop: think aloud, keep the structure crisp, justify complexity decisions, and treat follow-up questions as calibration of depth rather than trivia.',
    'Loop complete. Re-read the weakest round and tighten clarity, depth, and calibration before the next pass.',
    TRUE
  ),
  (
    stable_uuid('mock-blueprint:meta_e4_general'),
    '8a1ed8ad-dde7-4d91-b73c-c7b96fda1111',
    'meta_e4_general',
    'Meta E4 SWE',
    'Execution-heavy loop with two coding rounds, fast trade-off discussions, and a shorter design conversation.',
    'mid',
    'ai_first_human_ready',
    9000,
    'Meta-style loop: optimize for clarity and execution speed, narrate your plan, and be ready to iterate quickly when constraints change.',
    'Loop complete. Focus on execution sharpness, edge-case coverage, and how quickly you converged under pressure.',
    TRUE
  ),
  (
    stable_uuid('mock-blueprint:amazon_sde2_general'),
    '8a1ed8ad-dde7-4d91-b73c-c7b96fda1111',
    'amazon_sde2_general',
    'Amazon SDE II',
    'Coding plus leadership-principles-oriented follow-ups, with emphasis on ownership and trade-off reasoning.',
    'mid',
    'ai_first_human_ready',
    9600,
    'Amazon-style loop: explain decisions in terms of customer impact, operational trade-offs, and ownership. Treat behavioral probing as part of the technical bar.',
    'Loop complete. Tighten the link between technical choices, customer outcomes, and leadership-principle signals before the next run.',
    TRUE
  ),
  (
    stable_uuid('mock-blueprint:yandex_backend_mid'),
    '6ef4dc87-32ec-44f7-b321-8be5c1552222',
    'yandex_backend_mid',
    'Yandex Backend Middle',
    'Backend loop with implementation, SQL fluency, systems thinking, and compact communication.',
    'mid',
    'ai_first_human_ready',
    8700,
    'Yandex-style loop: show clean backend engineering judgment, explain how you validate correctness, and keep answers dense and technical.',
    'Loop complete. Review where your backend reasoning was shallow, especially around correctness, SQL cost, and scaling assumptions.',
    TRUE
  ),
  (
    stable_uuid('mock-blueprint:ozon_backend_mid'),
    '6ef4dc87-32ec-44f7-b321-8be5c1552222',
    'ozon_backend_mid',
    'Ozon Backend Middle',
    'Backend loop with implementation detail, data work, and systems trade-offs under operational load.',
    'mid',
    'ai_first_human_ready',
    8700,
    'Ozon-style loop: justify backend decisions through reliability, observability, and realistic marketplace traffic assumptions.',
    'Loop complete. Strengthen the places where your answer lacked operational detail, capacity intuition, or SQL precision.',
    TRUE
  ),
  (
    stable_uuid('mock-blueprint:avito_backend_mid'),
    '6ef4dc87-32ec-44f7-b321-8be5c1552222',
    'avito_backend_mid',
    'Avito Backend Middle',
    'Backend loop with emphasis on robust implementation, experimentation, and pragmatic product trade-offs.',
    'mid',
    'ai_first_human_ready',
    8700,
    'Avito-style loop: keep answers pragmatic, connect technical choices to product behavior, and be explicit about rollout and experimentation risks.',
    'Loop complete. Revisit the rounds where your answers were not concrete enough on trade-offs, metrics, or rollout safety.',
    TRUE
  )
ON CONFLICT (slug) DO UPDATE SET
  track_id = EXCLUDED.track_id,
  title = EXCLUDED.title,
  description = EXCLUDED.description,
  level = EXCLUDED.level,
  runtime_mode = EXCLUDED.runtime_mode,
  total_duration_seconds = EXCLUDED.total_duration_seconds,
  intro_text = EXCLUDED.intro_text,
  closing_text = EXCLUDED.closing_text,
  is_active = EXCLUDED.is_active,
  updated_at = NOW();

INSERT INTO interview_blueprint_aliases (id, blueprint_id, alias_slug, display_name, is_public_start, sort_order)
VALUES
  (stable_uuid('mock-alias:google'), stable_uuid('mock-blueprint:google_l4_general'), 'google', 'Google', TRUE, 10),
  (stable_uuid('mock-alias:meta'), stable_uuid('mock-blueprint:meta_e4_general'), 'meta', 'Meta', TRUE, 20),
  (stable_uuid('mock-alias:amazon'), stable_uuid('mock-blueprint:amazon_sde2_general'), 'amazon', 'Amazon', TRUE, 30),
  (stable_uuid('mock-alias:ozon'), stable_uuid('mock-blueprint:ozon_backend_mid'), 'ozon', 'Ozon', TRUE, 40),
  (stable_uuid('mock-alias:avito'), stable_uuid('mock-blueprint:avito_backend_mid'), 'avito', 'Avito', TRUE, 50),
  (stable_uuid('mock-alias:yandex'), stable_uuid('mock-blueprint:yandex_backend_mid'), 'yandex', 'Yandex', TRUE, 60)
ON CONFLICT (alias_slug) DO UPDATE SET
  blueprint_id = EXCLUDED.blueprint_id,
  display_name = EXCLUDED.display_name,
  is_public_start = EXCLUDED.is_public_start,
  sort_order = EXCLUDED.sort_order,
  updated_at = NOW();

INSERT INTO interview_blueprint_rounds (
  id, blueprint_id, position, round_type, title, selection_mode, fixed_item_id, pool_id, duration_seconds,
  evaluator_mode, max_followup_count, candidate_instructions_override, interviewer_instructions_override, is_active
)
VALUES
  (
    stable_uuid('mock-round:google:1'),
    stable_uuid('mock-blueprint:google_l4_general'),
    1,
    'coding_algorithmic',
    'Algorithmic Coding',
    'pool_random_weighted',
    NULL,
    '47af81aa-7f69-4d1e-8d18-2ccca7c22001',
    2700,
    'code_execution',
    2,
    'Clarify constraints first, narrate your approach, state complexity before implementation, and be ready to improve the first solution.',
    'Probe for complexity analysis, edge cases, and whether the candidate can refine an initial working approach under new constraints.',
    TRUE
  ),
  (
    stable_uuid('mock-round:google:2'),
    stable_uuid('mock-blueprint:google_l4_general'),
    2,
    'coding_practical',
    'Practical Coding',
    'pool_random_weighted',
    NULL,
    '47af81aa-7f69-4d1e-8d18-2ccca7c22002',
    2400,
    'ai_review',
    2,
    'Explain the shape of the solution before coding, keep the implementation clean, and call out the main correctness and maintainability trade-offs.',
    'Look for decomposition, readability, sensible interfaces, and whether the candidate can articulate operational trade-offs after implementation.',
    TRUE
  ),
  (
    stable_uuid('mock-round:google:3'),
    stable_uuid('mock-blueprint:google_l4_general'),
    3,
    'system_design',
    'System Design',
    'pool_random_weighted',
    NULL,
    '47af81aa-7f69-4d1e-8d18-2ccca7c22003',
    2700,
    'system_design_review',
    2,
    'Drive the design in layers: scope, data flow, storage, scaling, reliability, and the biggest trade-offs.',
    'Push on bottlenecks, consistency choices, failure handling, and whether the candidate keeps the scope realistic.',
    TRUE
  ),
  (
    stable_uuid('mock-round:google:4'),
    stable_uuid('mock-blueprint:google_l4_general'),
    4,
    'behavioral',
    'Behavioral',
    'pool_random_weighted',
    NULL,
    '47af81aa-7f69-4d1e-8d18-2ccca7c22004',
    1800,
    'answer_review',
    2,
    'Answer in STAR, stay concrete, and make your personal contribution and decisions explicit.',
    'Probe for collaboration, ambiguity handling, and how the candidate reflects on trade-offs and outcomes.',
    TRUE
  ),
  (
    stable_uuid('mock-round:meta:1'),
    stable_uuid('mock-blueprint:meta_e4_general'),
    1,
    'coding_algorithmic',
    'Coding Round I',
    'pool_random_weighted',
    NULL,
    '47af81aa-7f69-4d1e-8d18-2ccca7c22001',
    2400,
    'code_execution',
    2,
    'Move quickly: state assumptions, sketch the idea, then code with enough narration to make your decisions legible.',
    'Pressure-test execution speed, correctness under changing constraints, and how quickly the candidate converges.',
    TRUE
  ),
  (
    stable_uuid('mock-round:meta:2'),
    stable_uuid('mock-blueprint:meta_e4_general'),
    2,
    'coding_algorithmic',
    'Coding Round II',
    'pool_random_weighted',
    NULL,
    '47af81aa-7f69-4d1e-8d18-2ccca7c22001',
    2400,
    'code_execution',
    2,
    'Treat this as a second execution round: keep the solution tight, justify your data structures, and adapt fast to follow-up changes.',
    'Look for second-round fatigue: does clarity drop, do edge cases get missed, and can the candidate still adjust the plan quickly?',
    TRUE
  ),
  (
    stable_uuid('mock-round:meta:3'),
    stable_uuid('mock-blueprint:meta_e4_general'),
    3,
    'behavioral',
    'Behavioral',
    'pool_random_weighted',
    NULL,
    '47af81aa-7f69-4d1e-8d18-2ccca7c22004',
    1800,
    'answer_review',
    2,
    'Keep the story concrete and outcome-driven. Highlight ownership, collaboration, and how you handled speed versus quality.',
    'Probe for execution, ownership, and whether the candidate can describe impact without hand-waving.',
    TRUE
  ),
  (
    stable_uuid('mock-round:meta:4'),
    stable_uuid('mock-blueprint:meta_e4_general'),
    4,
    'system_design',
    'Product Design System',
    'pool_random_weighted',
    NULL,
    '47af81aa-7f69-4d1e-8d18-2ccca7c22003',
    2400,
    'system_design_review',
    2,
    'Optimize for a product-minded design: define the critical user flow, then make the data and scaling choices that support it.',
    'Look for product sense, pragmatic scoping, and whether the candidate can balance latency, complexity, and iteration speed.',
    TRUE
  ),
  (
    stable_uuid('mock-round:amazon:1'),
    stable_uuid('mock-blueprint:amazon_sde2_general'),
    1,
    'coding_practical',
    'Implementation Round',
    'pool_random_weighted',
    NULL,
    '47af81aa-7f69-4d1e-8d18-2ccca7c22002',
    2700,
    'ai_review',
    2,
    'Explain how the solution would behave in production, keep the code readable, and call out the operational trade-offs early.',
    'Probe for ownership, operational readiness, and whether the implementation choices map to customer impact and maintenance cost.',
    TRUE
  ),
  (
    stable_uuid('mock-round:amazon:2'),
    stable_uuid('mock-blueprint:amazon_sde2_general'),
    2,
    'coding_practical',
    'Operational Follow-Up Coding',
    'pool_random_weighted',
    NULL,
    '47af81aa-7f69-4d1e-8d18-2ccca7c22002',
    2400,
    'ai_review',
    2,
    'Assume the feature is going live: discuss monitoring, rollback risks, and the smallest changes that raise confidence before deploy.',
    'Use the coding round to test operational maturity, simplicity, and ability to trade off delivery speed against long-term complexity.',
    TRUE
  ),
  (
    stable_uuid('mock-round:amazon:3'),
    stable_uuid('mock-blueprint:amazon_sde2_general'),
    3,
    'system_design',
    'System Design',
    'pool_random_weighted',
    NULL,
    '47af81aa-7f69-4d1e-8d18-2ccca7c22003',
    2400,
    'system_design_review',
    2,
    'Design for customer-facing reliability: include failure modes, observability, and the key trade-offs between cost and resilience.',
    'Probe for customer impact, operational excellence, and how the candidate prioritizes reliability when requirements conflict.',
    TRUE
  ),
  (
    stable_uuid('mock-round:amazon:4'),
    stable_uuid('mock-blueprint:amazon_sde2_general'),
    4,
    'behavioral',
    'Leadership Principles',
    'pool_random_weighted',
    NULL,
    '47af81aa-7f69-4d1e-8d18-2ccca7c22004',
    2100,
    'answer_review',
    2,
    'Answer with concrete stories and make the customer, ownership, conflict, and measurable result explicit.',
    'Push on leadership principles, disagreement handling, bias for action, and whether the candidate can defend trade-offs under pressure.',
    TRUE
  ),
  (
    stable_uuid('mock-round:yandex:1'),
    stable_uuid('mock-blueprint:yandex_backend_mid'),
    1,
    'coding_practical',
    'Backend Coding',
    'pool_random_weighted',
    NULL,
    '47af81aa-7f69-4d1e-8d18-2ccca7c22005',
    2700,
    'ai_review',
    2,
    'Build a clean backend solution, explain correctness criteria, and make explicit what you would test before shipping.',
    'Probe for correctness, simplicity, and whether the candidate spots failure modes without being prompted twice.',
    TRUE
  ),
  (
    stable_uuid('mock-round:yandex:2'),
    stable_uuid('mock-blueprint:yandex_backend_mid'),
    2,
    'sql',
    'SQL',
    'pool_random_weighted',
    NULL,
    '47af81aa-7f69-4d1e-8d18-2ccca7c22006',
    1800,
    'answer_review',
    2,
    'Write or explain SQL with attention to correctness, index usage, and how the plan behaves on large datasets.',
    'Ask about join order, indexes, and how the candidate would validate or optimize the query on production-sized tables.',
    TRUE
  ),
  (
    stable_uuid('mock-round:yandex:3'),
    stable_uuid('mock-blueprint:yandex_backend_mid'),
    3,
    'system_design',
    'System Design',
    'pool_random_weighted',
    NULL,
    '47af81aa-7f69-4d1e-8d18-2ccca7c22007',
    2700,
    'system_design_review',
    2,
    'Keep the design technically dense: storage, throughput, backpressure, failure handling, and realistic simplifications.',
    'Probe for backend depth, capacity thinking, and how the candidate chooses between simpler and more scalable designs.',
    TRUE
  ),
  (
    stable_uuid('mock-round:yandex:4'),
    stable_uuid('mock-blueprint:yandex_backend_mid'),
    4,
    'behavioral',
    'Behavioral',
    'pool_random_weighted',
    NULL,
    '47af81aa-7f69-4d1e-8d18-2ccca7c22008',
    1500,
    'answer_review',
    1,
    'Answer compactly and concretely, highlighting what depended on your decisions and what outcomes you changed.',
    'Look for ownership, pace, and whether the candidate communicates clearly without losing technical specificity.',
    TRUE
  ),
  (
    stable_uuid('mock-round:ozon:1'),
    stable_uuid('mock-blueprint:ozon_backend_mid'),
    1,
    'coding_practical',
    'Backend Coding',
    'pool_random_weighted',
    NULL,
    '47af81aa-7f69-4d1e-8d18-2ccca7c22005',
    2700,
    'ai_review',
    2,
    'Focus on production readiness: correctness, observability hooks, and what breaks first under traffic or bad input.',
    'Probe for pragmatic implementation choices, instrumentation, and how the candidate reasons about runtime failures.',
    TRUE
  ),
  (
    stable_uuid('mock-round:ozon:2'),
    stable_uuid('mock-blueprint:ozon_backend_mid'),
    2,
    'sql',
    'SQL',
    'pool_random_weighted',
    NULL,
    '47af81aa-7f69-4d1e-8d18-2ccca7c22006',
    1800,
    'answer_review',
    2,
    'Treat SQL as part of backend ownership: explain indexes, expensive joins, and how you would validate the query in prod-like conditions.',
    'Push on cost, correctness, and whether the candidate can reason about query plans beyond syntax.',
    TRUE
  ),
  (
    stable_uuid('mock-round:ozon:3'),
    stable_uuid('mock-blueprint:ozon_backend_mid'),
    3,
    'system_design',
    'Distributed Backend Design',
    'pool_random_weighted',
    NULL,
    '47af81aa-7f69-4d1e-8d18-2ccca7c22007',
    2700,
    'system_design_review',
    2,
    'Design with operational load in mind: data flow, async processing, failure domains, and rollback-safe simplifications.',
    'Probe for reliability, scaling under marketplace traffic, and how the candidate keeps the system operable under stress.',
    TRUE
  ),
  (
    stable_uuid('mock-round:ozon:4'),
    stable_uuid('mock-blueprint:ozon_backend_mid'),
    4,
    'behavioral',
    'Behavioral',
    'pool_random_weighted',
    NULL,
    '47af81aa-7f69-4d1e-8d18-2ccca7c22008',
    1500,
    'answer_review',
    1,
    'Keep examples grounded in delivery, incidents, and cross-team execution. Show how you made trade-offs visible and managed risk.',
    'Probe for ownership during delivery pressure, incident response, and ability to reflect on process trade-offs.',
    TRUE
  ),
  (
    stable_uuid('mock-round:avito:1'),
    stable_uuid('mock-blueprint:avito_backend_mid'),
    1,
    'coding_practical',
    'Backend Coding',
    'pool_random_weighted',
    NULL,
    '47af81aa-7f69-4d1e-8d18-2ccca7c22005',
    2700,
    'ai_review',
    2,
    'Prioritize a simple, testable solution and explain how you would launch it safely behind metrics or gradual rollout.',
    'Probe for clarity, testability, and whether the candidate can tie implementation decisions to product iteration speed.',
    TRUE
  ),
  (
    stable_uuid('mock-round:avito:2'),
    stable_uuid('mock-blueprint:avito_backend_mid'),
    2,
    'sql',
    'SQL',
    'pool_random_weighted',
    NULL,
    '47af81aa-7f69-4d1e-8d18-2ccca7c22006',
    1800,
    'answer_review',
    2,
    'Explain how the query would behave under experiments, segmented traffic, and growing datasets; do not stop at syntax.',
    'Probe for data correctness, segment-aware querying, and whether the candidate sees where performance cliffs appear.',
    TRUE
  ),
  (
    stable_uuid('mock-round:avito:3'),
    stable_uuid('mock-blueprint:avito_backend_mid'),
    3,
    'system_design',
    'Scalable Product Design',
    'pool_random_weighted',
    NULL,
    '47af81aa-7f69-4d1e-8d18-2ccca7c22007',
    2700,
    'system_design_review',
    2,
    'Balance pragmatic product delivery with backend rigor: data modeling, experiment safety, observability, and cost-aware scaling.',
    'Probe for trade-offs between experimentation speed, reliability, and system complexity.',
    TRUE
  ),
  (
    stable_uuid('mock-round:avito:4'),
    stable_uuid('mock-blueprint:avito_backend_mid'),
    4,
    'behavioral',
    'Behavioral',
    'pool_random_weighted',
    NULL,
    '47af81aa-7f69-4d1e-8d18-2ccca7c22008',
    1500,
    'answer_review',
    1,
    'Give concrete stories about prioritization, experimentation, and how you managed disagreement or uncertainty.',
    'Probe for product thinking, stakeholder management, and whether the candidate can connect engineering decisions to user impact.',
    TRUE
  )
ON CONFLICT (blueprint_id, position) DO UPDATE SET
  round_type = EXCLUDED.round_type,
  title = EXCLUDED.title,
  selection_mode = EXCLUDED.selection_mode,
  fixed_item_id = EXCLUDED.fixed_item_id,
  pool_id = EXCLUDED.pool_id,
  duration_seconds = EXCLUDED.duration_seconds,
  evaluator_mode = EXCLUDED.evaluator_mode,
  max_followup_count = EXCLUDED.max_followup_count,
  candidate_instructions_override = EXCLUDED.candidate_instructions_override,
  interviewer_instructions_override = EXCLUDED.interviewer_instructions_override,
  is_active = EXCLUDED.is_active,
  updated_at = NOW();

-- +goose Down
UPDATE interview_blueprint_aliases
SET
  blueprint_id = CASE alias_slug
    WHEN 'google' THEN '0e2bcf21-7f64-4120-b5e5-35ee220a3333'::uuid
    WHEN 'meta' THEN '0e2bcf21-7f64-4120-b5e5-35ee220a3333'::uuid
    WHEN 'amazon' THEN '0e2bcf21-7f64-4120-b5e5-35ee220a3333'::uuid
    WHEN 'ozon' THEN 'fe2118f6-a65d-4f28-9d03-a2f888b94444'::uuid
    WHEN 'avito' THEN 'fe2118f6-a65d-4f28-9d03-a2f888b94444'::uuid
    WHEN 'yandex' THEN 'fe2118f6-a65d-4f28-9d03-a2f888b94444'::uuid
    ELSE blueprint_id
  END,
  updated_at = NOW()
WHERE alias_slug IN ('google', 'meta', 'amazon', 'ozon', 'avito', 'yandex');

DELETE FROM interview_blueprint_rounds
WHERE blueprint_id IN (
  stable_uuid('mock-blueprint:google_l4_general'),
  stable_uuid('mock-blueprint:meta_e4_general'),
  stable_uuid('mock-blueprint:amazon_sde2_general'),
  stable_uuid('mock-blueprint:yandex_backend_mid'),
  stable_uuid('mock-blueprint:ozon_backend_mid'),
  stable_uuid('mock-blueprint:avito_backend_mid')
);

DELETE FROM interview_blueprints
WHERE id IN (
  stable_uuid('mock-blueprint:google_l4_general'),
  stable_uuid('mock-blueprint:meta_e4_general'),
  stable_uuid('mock-blueprint:amazon_sde2_general'),
  stable_uuid('mock-blueprint:yandex_backend_mid'),
  stable_uuid('mock-blueprint:ozon_backend_mid'),
  stable_uuid('mock-blueprint:avito_backend_mid')
);
